"algo","tss_mean","tss_sd","tss_weights"
"CTA",0.69,0.052200894,0.149158954266027
"GBM",0.6601875,0.007222361,0.142714314665946
"GLM",0.5568125,0.00492908,0.120367493075728
"MARS",0.455625,0.04811081,0.0984935486050125
"MAXENT",0.391,NA,0.0845234074174154
"MAXNET",0.574875,0.002217356,0.124272107005337
"RF",0.653375,0.005702339,0.141241640208066
"XGBOOST",0.6440625,0.071015931,0.139228534756468
