"algo","tss_mean","tss_sd","tss_weights"
"CTA",0.69884375,0.063786999,0.218929581877099
"GBM",0.6534375,0.00633443,0.204704983993656
"MAXNET",0.5721875,0.003847391,0.179251470919361
"RF",0.65090625,0.005201485,0.203912009163265
"XGBOOST",0.61671875,0.066094377,0.193201954046619
