"algo","tss_mean","tss_sd","tss_weights"
"CTA",0.9276875,0.010104248,0.123211143208155
"GBM",0.951875,0.007957177,0.126423614569844
"GLM",0.9389375,0.029659105,0.124705315934522
"MARS",0.9453125,0.022820221,0.125552013812797
"MAXENT",0.913375,0.019431504,0.121310223461832
"MAXNET",0.958375,0.006771263,0.127286914367301
"RF",0.9555,0.007797435,0.126905070226118
"XGBOOST",0.9381875,0.008280248,0.124605704419431
