"algo","tss_mean","tss_sd","tss_weights"
"GBM",0.95021875,0.009631046,0.200618872306454
"GLM",0.9275,0.033881197,0.195822282042147
"MARS",0.933625,0.028630854,0.197115448055633
"MAXNET",0.96221875,0.005308146,0.203152422047161
"RF",0.962875,0.008563802,0.203290975548606
