"algo","tss_mean","tss_sd","tss_weights"
"CTA",0.65425,0.071521092,0.124376217860368
"GBM",0.8899375,0.014571519,0.169181597832803
"GLM",0.46775,0.124733048,0.0889216292001331
"MARS",0.69125,0.032181775,0.131410104082506
"MAXNET",0.8569375,0.010240239,0.162908131742788
"RF",0.892375,0.009010179,0.169644978850815
"XGBOOST",0.80775,0.075041766,0.153557340430588
