"algo","tss_mean","tss_sd","tss_weights"
"GBM",0.85053125,0.010292448,0.210538936978333
"MARS",0.69209375,0.041375822,0.171319610436827
"MAXNET",0.85646875,0.009404818,0.212008694777718
"RF",0.871125,0.005944637,0.215636675871992
"XGBOOST",0.7695625,0.018728859,0.19049608193513
